<TICKER>;<PER>;<DATE>;<TIME>;<OPEN>;<HIGH>;<LOW>;<CLOSE>;<VOL>
USDCB;D;210113;000000;74.5157;74.5157;74.5157;74.5157;0
USDCB;D;210114;000000;74.2663;74.2663;74.2663;74.2663;0
USDCB;D;210115;000000;73.5264;73.5264;73.5264;73.5264;0
USDCB;D;210116;000000;73.7961;73.7961;73.7961;73.7961;0
USDCB;D;210117;000000;73.5453;73.5453;73.5453;73.5453;0
USDCB;D;210120;000000;73.9735;73.9735;73.9735;73.9735;0
USDCB;D;210121;000000;73.7243;73.7243;73.7243;73.7243;0
USDCB;D;210122;000000;73.355;73.355;73.355;73.355;0
USDCB;D;210123;000000;73.3694;73.3694;73.3694;73.3694;0
USDCB;D;210124;000000;74.3615;74.3615;74.3615;74.3615;0
USDCB;D;210127;000000;74.8569;74.8569;74.8569;74.8569;0
USDCB;D;210128;000000;75.6354;75.6354;75.6354;75.6354;0
USDCB;D;210129;000000;75.04;75.04;75.04;75.04;0
USDCB;D;210130;000000;76.1854;76.1854;76.1854;76.1854;0
USDCB;D;210131;000000;76.2527;76.2527;76.2527;76.2527;0
USDCB;D;210203;000000;75.5053;75.5053;75.5053;75.5053;0
USDCB;D;210204;000000;75.9051;75.9051;75.9051;75.9051;0
USDCB;D;210205;000000;76.0801;76.0801;76.0801;76.0801;0
USDCB;D;210206;000000;75.7293;75.7293;75.7293;75.7293;0
USDCB;D;210207;000000;75.1107;75.1107;75.1107;75.1107;0
USDCB;D;210210;000000;74.2602;74.2602;74.2602;74.2602;0
USDCB;D;210211;000000;74.1192;74.1192;74.1192;74.1192;0
USDCB;D;210212;000000;73.8526;73.8526;73.8526;73.8526;0
USDCB;D;210213;000000;73.7579;73.7579;73.7579;73.7579;0
USDCB;D;210214;000000;73.9378;73.9378;73.9378;73.9378;0
USDCB;D;210217;000000;73.3092;73.3092;73.3092;73.3092;0
USDCB;D;210218;000000;73.2895;73.2895;73.2895;73.2895;0
USDCB;D;210219;000000;73.7669;73.7669;73.7669;73.7669;0
USDCB;D;210220;000000;73.7755;73.7755;73.7755;73.7755;0
USDCB;D;210221;000000;73.9717;73.9717;73.9717;73.9717;0
USDCB;D;210222;000000;73.9833;73.9833;73.9833;73.9833;0
USDCB;D;210226;000000;73.7532;73.7532;73.7532;73.7532;0
USDCB;D;210227;000000;73.4747;73.4747;73.4747;73.4747;0
USDCB;D;210228;000000;74.4373;74.4373;74.4373;74.4373;0
USDCB;D;210303;000000;74.0448;74.0448;74.0448;74.0448;0
USDCB;D;210304;000000;74.5755;74.5755;74.5755;74.5755;0
USDCB;D;210305;000000;73.5187;73.5187;73.5187;73.5187;0
USDCB;D;210306;000000;73.7864;73.7864;73.7864;73.7864;0
USDCB;D;210307;000000;74.4275;74.4275;74.4275;74.4275;0
USDCB;D;210311;000000;74.264;74.264;74.264;74.264;0
USDCB;D;210312;000000;74.0393;74.0393;74.0393;74.0393;0
USDCB;D;210313;000000;73.4996;73.4996;73.4996;73.4996;0
USDCB;D;210314;000000;73.5081;73.5081;73.5081;73.5081;0
USDCB;D;210317;000000;73.2317;73.2317;73.2317;73.2317;0
USDCB;D;210318;000000;72.9619;72.9619;72.9619;72.9619;0
USDCB;D;210319;000000;73.1019;73.1019;73.1019;73.1019;0
USDCB;D;210320;000000;73.6582;73.6582;73.6582;73.6582;0
USDCB;D;210321;000000;74.139;74.139;74.139;74.139;0
USDCB;D;210324;000000;74.6085;74.6085;74.6085;74.6085;0
USDCB;D;210325;000000;75.3585;75.3585;75.3585;75.3585;0
USDCB;D;210326;000000;76.1535;76.1535;76.1535;76.1535;0
USDCB;D;210327;000000;76.1741;76.1741;76.1741;76.1741;0
USDCB;D;210328;000000;75.7576;75.7576;75.7576;75.7576;0
USDCB;D;210331;000000;75.8287;75.8287;75.8287;75.8287;0
USDCB;D;210401;000000;75.7023;75.7023;75.7023;75.7023;0
USDCB;D;210402;000000;75.6373;75.6373;75.6373;75.6373;0
USDCB;D;210403;000000;75.8073;75.8073;75.8073;75.8073;0
USDCB;D;210404;000000;76.0734;76.0734;76.0734;76.0734;0
USDCB;D;210407;000000;76.6052;76.6052;76.6052;76.6052;0
USDCB;D;210408;000000;76.3802;76.3802;76.3802;76.3802;0
USDCB;D;210409;000000;77.773;77.773;77.773;77.773;0
USDCB;D;210410;000000;77.1011;77.1011;77.1011;77.1011;0
USDCB;D;210411;000000;77.1657;77.1657;77.1657;77.1657;0
USDCB;D;210414;000000;77.5104;77.5104;77.5104;77.5104;0
USDCB;D;210415;000000;77.2535;77.2535;77.2535;77.2535;0
USDCB;D;210416;000000;75.6826;75.6826;75.6826;75.6826;0
USDCB;D;210417;000000;76.9808;76.9808;76.9808;76.9808;0
USDCB;D;210418;000000;75.5535;75.5535;75.5535;75.5535;0
USDCB;D;210421;000000;76.2491;76.2491;76.2491;76.2491;0
USDCB;D;210422;000000;76.0155;76.0155;76.0155;76.0155;0
USDCB;D;210423;000000;76.8198;76.8198;76.8198;76.8198;0
USDCB;D;210424;000000;76.4217;76.4217;76.4217;76.4217;0
USDCB;D;210425;000000;75.0893;75.0893;75.0893;75.0893;0
USDCB;D;210428;000000;74.768;74.768;74.768;74.768;0
USDCB;D;210429;000000;74.9578;74.9578;74.9578;74.9578;0
USDCB;D;210430;000000;74.939;74.939;74.939;74.939;0
USDCB;D;210501;000000;74.3823;74.3823;74.3823;74.3823;0
USDCB;D;210502;000000;74.8451;74.8451;74.8451;74.8451;0
USDCB;D;210506;000000;75.2567;75.2567;75.2567;75.2567;0
USDCB;D;210507;000000;74.8617;74.8617;74.8617;74.8617;0
USDCB;D;210508;000000;74.577;74.577;74.577;74.577;0
USDCB;D;210509;000000;74.1373;74.1373;74.1373;74.1373;0
USDCB;D;210513;000000;74.1567;74.1567;74.1567;74.1567;0
USDCB;D;210514;000000;74.04;74.04;74.04;74.04;0
USDCB;D;210515;000000;74.3566;74.3566;74.3566;74.3566;0
USDCB;D;210516;000000;73.9968;73.9968;73.9968;73.9968;0
USDCB;D;210519;000000;73.8537;73.8537;73.8537;73.8537;0
USDCB;D;210520;000000;73.6992;73.6992;73.6992;73.6992;0
USDCB;D;210521;000000;73.6778;73.6778;73.6778;73.6778;0
USDCB;D;210522;000000;73.6007;73.6007;73.6007;73.6007;0
USDCB;D;210523;000000;73.5803;73.5803;73.5803;73.5803;0
USDCB;D;210526;000000;73.5266;73.5266;73.5266;73.5266;0
USDCB;D;210527;000000;73.3963;73.3963;73.3963;73.3963;0
USDCB;D;210528;000000;73.4737;73.4737;73.4737;73.4737;0
USDCB;D;210529;000000;73.458;73.458;73.458;73.458;0
USDCB;D;210530;000000;73.587;73.587;73.587;73.587;0
USDCB;D;210602;000000;73.2965;73.2965;73.2965;73.2965;0
USDCB;D;210603;000000;73.2411;73.2411;73.2411;73.2411;0
USDCB;D;210604;000000;73.4979;73.4979;73.4979;73.4979;0
USDCB;D;210605;000000;73.2636;73.2636;73.2636;73.2636;0
USDCB;D;210606;000000;73.2721;73.2721;73.2721;73.2721;0
USDCB;D;210609;000000;72.9294;72.9294;72.9294;72.9294;0
USDCB;D;210610;000000;72.8256;72.8256;72.8256;72.8256;0
USDCB;D;210611;000000;72.0829;72.0829;72.0829;72.0829;0
USDCB;D;210612;000000;72.1974;72.1974;72.1974;72.1974;0
USDCB;D;210613;000000;71.6797;71.6797;71.6797;71.6797;0
USDCB;D;210617;000000;71.8318;71.8318;71.8318;71.8318;0
USDCB;D;210618;000000;72.0323;72.0323;72.0323;72.0323;0
USDCB;D;210619;000000;72.5048;72.5048;72.5048;72.5048;0
USDCB;D;210620;000000;72.2216;72.2216;72.2216;72.2216;0
USDCB;D;210623;000000;73.1987;73.1987;73.1987;73.1987;0
USDCB;D;210624;000000;73.1661;73.1661;73.1661;73.1661;0
USDCB;D;210625;000000;72.6671;72.6671;72.6671;72.6671;0
USDCB;D;210626;000000;72.326;72.326;72.326;72.326;0
USDCB;D;210627;000000;72.1694;72.1694;72.1694;72.1694;0
USDCB;D;210630;000000;72.1777;72.1777;72.1777;72.1777;0
USDCB;D;210701;000000;72.3723;72.3723;72.3723;72.3723;0
USDCB;D;210702;000000;72.7234;72.7234;72.7234;72.7234;0
USDCB;D;210703;000000;72.9086;72.9086;72.9086;72.9086;0
USDCB;D;210704;000000;73.6175;73.6175;73.6175;73.6175;0
USDCB;D;210707;000000;73.354;73.354;73.354;73.354;0
USDCB;D;210708;000000;73.266;73.266;73.266;73.266;0
USDCB;D;210709;000000;74.058;74.058;74.058;74.058;0
USDCB;D;210710;000000;75.1952;75.1952;75.1952;75.1952;0
USDCB;D;210711;000000;74.4675;74.4675;74.4675;74.4675;0
USDCB;D;210714;000000;74.6336;74.6336;74.6336;74.6336;0
USDCB;D;210715;000000;74.0589;74.0589;74.0589;74.0589;0
USDCB;D;210716;000000;74.1236;74.1236;74.1236;74.1236;0
USDCB;D;210717;000000;74.2197;74.2197;74.2197;74.2197;0
USDCB;D;210718;000000;74.1656;74.1656;74.1656;74.1656;0
USDCB;D;210721;000000;74.3463;74.3463;74.3463;74.3463;0
USDCB;D;210722;000000;74.491;74.491;74.491;74.491;0
USDCB;D;210723;000000;74.4947;74.4947;74.4947;74.4947;0
USDCB;D;210724;000000;73.6945;73.6945;73.6945;73.6945;0
USDCB;D;210725;000000;73.7663;73.7663;73.7663;73.7663;0
USDCB;D;210728;000000;74.098;74.098;74.098;74.098;0
USDCB;D;210729;000000;73.8471;73.8471;73.8471;73.8471;0
USDCB;D;210730;000000;73.6088;73.6088;73.6088;73.6088;0
USDCB;D;210731;000000;73.1904;73.1904;73.1904;73.1904;0
USDCB;D;210801;000000;73.1388;73.1388;73.1388;73.1388;0
USDCB;D;210804;000000;73.0156;73.0156;73.0156;73.0156;0
USDCB;D;210805;000000;72.8724;72.8724;72.8724;72.8724;0
USDCB;D;210806;000000;72.7857;72.7857;72.7857;72.7857;0
USDCB;D;210807;000000;73.168;73.168;73.168;73.168;0
USDCB;D;210808;000000;73.1304;73.1304;73.1304;73.1304;0
USDCB;D;210811;000000;73.5078;73.5078;73.5078;73.5078;0
USDCB;D;210812;000000;73.5962;73.5962;73.5962;73.5962;0
USDCB;D;210813;000000;73.9695;73.9695;73.9695;73.9695;0
USDCB;D;210814;000000;73.5671;73.5671;73.5671;73.5671;0
USDCB;D;210815;000000;73.4721;73.4721;73.4721;73.4721;0
USDCB;D;210818;000000;73.392;73.392;73.392;73.392;0
USDCB;D;210819;000000;73.4753;73.4753;73.4753;73.4753;0
USDCB;D;210820;000000;73.4633;73.4633;73.4633;73.4633;0
USDCB;D;210821;000000;74.1503;74.1503;74.1503;74.1503;0
USDCB;D;210822;000000;74.364;74.364;74.364;74.364;0
USDCB;D;210825;000000;74.0666;74.0666;74.0666;74.0666;0
USDCB;D;210826;000000;73.9465;73.9465;73.9465;73.9465;0
USDCB;D;210827;000000;73.7428;73.7428;73.7428;73.7428;0
USDCB;D;210828;000000;73.9908;73.9908;73.9908;73.9908;0
USDCB;D;210829;000000;73.9866;73.9866;73.9866;73.9866;0
USDCB;D;210901;000000;73.5744;73.5744;73.5744;73.5744;0
USDCB;D;210902;000000;73.2781;73.2781;73.2781;73.2781;0
USDCB;D;210903;000000;73.1912;73.1912;73.1912;73.1912;0
USDCB;D;210904;000000;72.8491;72.8491;72.8491;72.8491;0
USDCB;D;210905;000000;72.8545;72.8545;72.8545;72.8545;0
USDCB;D;210908;000000;72.9538;72.9538;72.9538;72.9538;0
USDCB;D;210909;000000;73.1909;73.1909;73.1909;73.1909;0
USDCB;D;210910;000000;73.4421;73.4421;73.4421;73.4421;0
USDCB;D;210911;000000;73.129;73.129;73.129;73.129;0
USDCB;D;210912;000000;72.76;72.76;72.76;72.76;0
USDCB;D;210915;000000;73.0841;73.0841;73.0841;73.0841;0
USDCB;D;210916;000000;72.7171;72.7171;72.7171;72.7171;0
USDCB;D;210917;000000;72.852;72.852;72.852;72.852;0
USDCB;D;210918;000000;72.4329;72.4329;72.4329;72.4329;0
USDCB;D;210919;000000;72.5602;72.5602;72.5602;72.5602;0
USDCB;D;210922;000000;73.3315;73.3315;73.3315;73.3315;0
USDCB;D;210923;000000;73.2067;73.2067;73.2067;73.2067;0
USDCB;D;210924;000000;72.8806;72.8806;72.8806;72.8806;0
USDCB;D;210925;000000;72.7245;72.7245;72.7245;72.7245;0
USDCB;D;210926;000000;73.0081;73.0081;73.0081;73.0081;0
USDCB;D;210929;000000;72.6613;72.6613;72.6613;72.6613;0
USDCB;D;210930;000000;72.5083;72.5083;72.5083;72.5083;0
USDCB;D;211001;000000;72.7608;72.7608;72.7608;72.7608;0
USDCB;D;211002;000000;72.6642;72.6642;72.6642;72.6642;0
USDCB;D;211003;000000;72.9215;72.9215;72.9215;72.9215;0
USDCB;D;211006;000000;72.9239;72.9239;72.9239;72.9239;0
USDCB;D;211007;000000;72.5686;72.5686;72.5686;72.5686;0
USDCB;D;211008;000000;72.5682;72.5682;72.5682;72.5682;0
USDCB;D;211009;000000;72.2854;72.2854;72.2854;72.2854;0
USDCB;D;211010;000000;71.9882;71.9882;71.9882;71.9882;0
USDCB;D;211013;000000;71.6373;71.6373;71.6373;71.6373;0
USDCB;D;211014;000000;71.8801;71.8801;71.8801;71.8801;0
USDCB;D;211015;000000;71.8577;71.8577;71.8577;71.8577;0
USDCB;D;211016;000000;71.7846;71.7846;71.7846;71.7846;0
USDCB;D;211017;000000;71.2371;71.2371;71.2371;71.2371;0
USDCB;D;211020;000000;71.1714;71.1714;71.1714;71.1714;0
USDCB;D;211021;000000;70.9674;70.9674;70.9674;70.9674;0
USDCB;D;211022;000000;71.0555;71.0555;71.0555;71.0555;0
USDCB;D;211023;000000;70.9904;70.9904;70.9904;70.9904;0
USDCB;D;211024;000000;70.8623;70.8623;70.8623;70.8623;0
USDCB;D;211027;000000;70.1345;70.1345;70.1345;70.1345;0
USDCB;D;211028;000000;69.5526;69.5526;69.5526;69.5526;0
USDCB;D;211029;000000;69.8104;69.8104;69.8104;69.8104;0
USDCB;D;211030;000000;70.5207;70.5207;70.5207;70.5207;0
USDCB;D;211031;000000;70.52;70.52;70.52;70.52;0
USDCB;D;211103;000000;71.0863;71.0863;71.0863;71.0863;0
USDCB;D;211104;000000;71.4783;71.4783;71.4783;71.4783;0
USDCB;D;211105;000000;71.4876;71.4876;71.4876;71.4876;0
USDCB;D;211110;000000;71.3975;71.3975;71.3975;71.3975;0
USDCB;D;211111;000000;71.2866;71.2866;71.2866;71.2866;0
USDCB;D;211112;000000;70.695;70.695;70.695;70.695;0
USDCB;D;211113;000000;71.1964;71.1964;71.1964;71.1964;0
USDCB;D;211114;000000;71.8118;71.8118;71.8118;71.8118;0
USDCB;D;211117;000000;72.2724;72.2724;72.2724;72.2724;0
USDCB;D;211118;000000;72.5553;72.5553;72.5553;72.5553;0
USDCB;D;211119;000000;72.8228;72.8228;72.8228;72.8228;0
USDCB;D;211120;000000;72.6022;72.6022;72.6022;72.6022;0
USDCB;D;211121;000000;72.7617;72.7617;72.7617;72.7617;0
USDCB;D;211124;000000;73.4506;73.4506;73.4506;73.4506;0
USDCB;D;211125;000000;74.8327;74.8327;74.8327;74.8327;0
USDCB;D;211126;000000;74.3726;74.3726;74.3726;74.3726;0
USDCB;D;211127;000000;74.6004;74.6004;74.6004;74.6004;0
USDCB;D;211128;000000;75.5873;75.5873;75.5873;75.5873;0
USDCB;D;211201;000000;74.9818;74.9818;74.9818;74.9818;0
USDCB;D;211202;000000;74.8926;74.8926;74.8926;74.8926;0
USDCB;D;211203;000000;73.9746;73.9746;73.9746;73.9746;0
USDCB;D;211204;000000;74.0637;74.0637;74.0637;74.0637;0
USDCB;D;211205;000000;73.7426;73.7426;73.7426;73.7426;0
USDCB;D;211208;000000;73.6694;73.6694;73.6694;73.6694;0
USDCB;D;211209;000000;74.1399;74.1399;74.1399;74.1399;0
USDCB;D;211210;000000;73.8453;73.8453;73.8453;73.8453;0
USDCB;D;211211;000000;73.5998;73.5998;73.5998;73.5998;0
USDCB;D;211212;000000;73.6059;73.6059;73.6059;73.6059;0
USDCB;D;211215;000000;73.4107;73.4107;73.4107;73.4107;0
USDCB;D;211216;000000;73.4698;73.4698;73.4698;73.4698;0
USDCB;D;211217;000000;73.851;73.851;73.851;73.851;0
USDCB;D;211218;000000;73.5708;73.5708;73.5708;73.5708;0
USDCB;D;211219;000000;73.733;73.733;73.733;73.733;0
USDCB;D;211222;000000;74.2947;74.2947;74.2947;74.2947;0
USDCB;D;211223;000000;73.8206;73.8206;73.8206;73.8206;0
USDCB;D;211224;000000;73.7901;73.7901;73.7901;73.7901;0
USDCB;D;211225;000000;73.3583;73.3583;73.3583;73.3583;0
USDCB;D;211226;000000;73.1886;73.1886;73.1886;73.1886;0
USDCB;D;211229;000000;73.2329;73.2329;73.2329;73.2329;0
USDCB;D;211230;000000;73.4959;73.4959;73.4959;73.4959;0
USDCB;D;211231;000000;73.6514;73.6514;73.6514;73.6514;0
USDCB;D;220101;000000;74.2926;74.2926;74.2926;74.2926;0
USDCB;D;220112;000000;75.1315;75.1315;75.1315;75.1315;0
USDCB;D;220113;000000;74.8355;74.8355;74.8355;74.8355;0
USDCB;D;220114;000000;74.5277;74.5277;74.5277;74.5277;0
USDCB;D;220115;000000;74.5686;74.5686;74.5686;74.5686;0
USDCB;D;220116;000000;75.7668;75.7668;75.7668;75.7668;0
USDCB;D;220119;000000;76.0404;76.0404;76.0404;76.0404;0
USDCB;D;220120;000000;76.3347;76.3347;76.3347;76.3347;0
USDCB;D;220121;000000;76.8697;76.8697;76.8697;76.8697;0
USDCB;D;220122;000000;76.4408;76.4408;76.4408;76.4408;0
USDCB;D;220123;000000;76.6903;76.6903;76.6903;76.6903;0
USDCB;D;220126;000000;77.3649;77.3649;77.3649;77.3649;0
USDCB;D;220127;000000;78.6422;78.6422;78.6422;78.6422;0
USDCB;D;220128;000000;78.9437;78.9437;78.9437;78.9437;0
USDCB;D;220129;000000;78.947;78.947;78.947;78.947;0
USDCB;D;220130;000000;77.8174;77.8174;77.8174;77.8174;0
USDCB;D;220202;000000;77.4702;77.4702;77.4702;77.4702;0
USDCB;D;220203;000000;77.1302;77.1302;77.1302;77.1302;0
USDCB;D;220204;000000;76.4849;76.4849;76.4849;76.4849;0
USDCB;D;220205;000000;76.6501;76.6501;76.6501;76.6501;0
USDCB;D;220206;000000;76.0509;76.0509;76.0509;76.0509;0
USDCB;D;220209;000000;75.6806;75.6806;75.6806;75.6806;0
USDCB;D;220210;000000;75.3042;75.3042;75.3042;75.3042;0
USDCB;D;220211;000000;74.8015;74.8015;74.8015;74.8015;0
USDCB;D;220212;000000;74.7241;74.7241;74.7241;74.7241;0
USDCB;D;220213;000000;74.9867;74.9867;74.9867;74.9867;0
USDCB;D;220216;000000;76.5762;76.5762;76.5762;76.5762;0
USDCB;D;220217;000000;76.166;76.166;76.166;76.166;0
USDCB;D;220218;000000;75.0141;75.0141;75.0141;75.0141;0
USDCB;D;220219;000000;75.7527;75.7527;75.7527;75.7527;0
USDCB;D;220220;000000;75.7619;75.7619;75.7619;75.7619;0
USDCB;D;220223;000000;76.7671;76.7671;76.7671;76.7671;0
USDCB;D;220224;000000;80.4194;80.4194;80.4194;80.4194;0
USDCB;D;220226;000000;86.9288;86.9288;86.9288;86.9288;0
USDCB;D;220227;000000;83.5485;83.5485;83.5485;83.5485;0
USDCB;D;220302;000000;93.5589;93.5589;93.5589;93.5589;0
USDCB;D;220303;000000;91.7457;91.7457;91.7457;91.7457;0
USDCB;D;220304;000000;103.2487;103.2487;103.2487;103.2487;0
USDCB;D;220305;000000;111.7564;111.7564;111.7564;111.7564;0
USDCB;D;220306;000000;105.8124;105.8124;105.8124;105.8124;0
USDCB;D;220307;000000;105.8124;105.8124;105.8124;105.8124;0
USDCB;D;220311;000000;116.0847;116.0847;116.0847;116.0847;0
USDCB;D;220312;000000;120.3785;120.3785;120.3785;120.3785;0
USDCB;D;220313;000000;116.7517;116.7517;116.7517;116.7517;0
USDCB;D;220316;000000;115.1963;115.1963;115.1963;115.1963;0
USDCB;D;220317;000000;111.4823;111.4823;111.4823;111.4823;0
USDCB;D;220318;000000;108.0521;108.0521;108.0521;108.0521;0
USDCB;D;220319;000000;104.8012;104.8012;104.8012;104.8012;0
USDCB;D;220320;000000;103.9524;103.9524;103.9524;103.9524;0
USDCB;D;220323;000000;104.6819;104.6819;104.6819;104.6819;0
USDCB;D;220324;000000;104.0741;104.0741;104.0741;104.0741;0
USDCB;D;220325;000000;103.1618;103.1618;103.1618;103.1618;0
USDCB;D;220326;000000;96.0458;96.0458;96.0458;96.0458;0
USDCB;D;220327;000000;95.6618;95.6618;95.6618;95.6618;0
USDCB;D;220330;000000;93.7125;93.7125;93.7125;93.7125;0
USDCB;D;220331;000000;86.2843;86.2843;86.2843;86.2843;0
USDCB;D;220401;000000;84.0851;84.0851;84.0851;84.0851;0
USDCB;D;220402;000000;83.4097;83.4097;83.4097;83.4097;0
USDCB;D;220403;000000;83.4285;83.4285;83.4285;83.4285;0
USDCB;D;220406;000000;83.5932;83.5932;83.5932;83.5932;0
USDCB;D;220407;000000;83.352;83.352;83.352;83.352;0
USDCB;D;220408;000000;82.5962;82.5962;82.5962;82.5962;0
USDCB;D;220409;000000;76.2547;76.2547;76.2547;76.2547;0
USDCB;D;220410;000000;74.8501;74.8501;74.8501;74.8501;0
USDCB;D;220413;000000;79.1596;79.1596;79.1596;79.1596;0
USDCB;D;220414;000000;79.6274;79.6274;79.6274;79.6274;0
USDCB;D;220415;000000;79.8471;79.8471;79.8471;79.8471;0
USDCB;D;220416;000000;81.288;81.288;81.288;81.288;0
USDCB;D;220417;000000;80.0437;80.0437;80.0437;80.0437;0
USDCB;D;220420;000000;79.4529;79.4529;79.4529;79.4529;0
USDCB;D;220421;000000;79.0287;79.0287;79.0287;79.0287;0
USDCB;D;220422;000000;77.0809;77.0809;77.0809;77.0809;0
USDCB;D;220423;000000;74.999;74.999;74.999;74.999;0
USDCB;D;220424;000000;73.505;73.505;73.505;73.505;0
USDCB;D;220427;000000;73.3611;73.3611;73.3611;73.3611;0
USDCB;D;220428;000000;72.7089;72.7089;72.7089;72.7089;0
USDCB;D;220429;000000;72.8764;72.8764;72.8764;72.8764;0
USDCB;D;220430;000000;72.2953;72.2953;72.2953;72.2953;0
USDCB;D;220501;000000;71.0237;71.0237;71.0237;71.0237;0
USDCB;D;220506;000000;69.416;69.416;69.416;69.416;0
USDCB;D;220507;000000;66.2378;66.2378;66.2378;66.2378;0
USDCB;D;220508;000000;67.3843;67.3843;67.3843;67.3843;0
USDCB;D;220513;000000;68.8389;68.8389;68.8389;68.8389;0
USDCB;D;220514;000000;65.7916;65.7916;65.7916;65.7916;0
USDCB;D;220515;000000;63.7799;63.7799;63.7799;63.7799;0
USDCB;D;220518;000000;63.4445;63.4445;63.4445;63.4445;0
USDCB;D;220519;000000;63.5428;63.5428;63.5428;63.5428;0
USDCB;D;220520;000000;63.5643;63.5643;63.5643;63.5643;0
USDCB;D;220521;000000;62.4031;62.4031;62.4031;62.4031;0
USDCB;D;220522;000000;58.8862;58.8862;58.8862;58.8862;0
USDCB;D;220525;000000;58.2087;58.2087;58.2087;58.2087;0
USDCB;D;220526;000000;56.969;56.969;56.969;56.969;0
USDCB;D;220527;000000;56.2996;56.2996;56.2996;56.2996;0
USDCB;D;220528;000000;62.0495;62.0495;62.0495;62.0495;0
USDCB;D;220529;000000;66.4029;66.4029;66.4029;66.4029;0
USDCB;D;220601;000000;63.0975;63.0975;63.0975;63.0975;0
USDCB;D;220602;000000;61.6069;61.6069;61.6069;61.6069;0
USDCB;D;220603;000000;61.4733;61.4733;61.4733;61.4733;0
USDCB;D;220604;000000;61.575;61.575;61.575;61.575;0
USDCB;D;220605;000000;61.9659;61.9659;61.9659;61.9659;0
USDCB;D;220608;000000;61.1094;61.1094;61.1094;61.1094;0
USDCB;D;220609;000000;60.9565;60.9565;60.9565;60.9565;0
USDCB;D;220610;000000;60.2282;60.2282;60.2282;60.2282;0
USDCB;D;220611;000000;58.3895;58.3895;58.3895;58.3895;0
USDCB;D;220612;000000;57.778;57.778;57.778;57.778;0
USDCB;D;220616;000000;57.0926;57.0926;57.0926;57.0926;0
USDCB;D;220617;000000;56.6624;56.6624;56.6624;56.6624;0
USDCB;D;220618;000000;56.8691;56.8691;56.8691;56.8691;0
USDCB;D;220619;000000;56.7101;56.7101;56.7101;56.7101;0
USDCB;D;220622;000000;56.1727;56.1727;56.1727;56.1727;0
USDCB;D;220623;000000;54.7081;54.7081;54.7081;54.7081;0
USDCB;D;220624;000000;53.2788;53.2788;53.2788;53.2788;0
USDCB;D;220625;000000;53.3578;53.3578;53.3578;53.3578;0
USDCB;D;220626;000000;53.3234;53.3234;53.3234;53.3234;0
USDCB;D;220629;000000;53.3641;53.3641;53.3641;53.3641;0
USDCB;D;220630;000000;52.9699;52.9699;52.9699;52.9699;0
USDCB;D;220701;000000;51.158;51.158;51.158;51.158;0
USDCB;D;220702;000000;52.5123;52.5123;52.5123;52.5123;0
USDCB;D;220703;000000;53.7676;53.7676;53.7676;53.7676;0
USDCB;D;220706;000000;55.0858;55.0858;55.0858;55.0858;0
USDCB;D;220707;000000;58.5118;58.5118;58.5118;58.5118;0
USDCB;D;220708;000000;62.911;62.911;62.911;62.911;0
USDCB;D;220709;000000;63.1427;63.1427;63.1427;63.1427;0
USDCB;D;220710;000000;61.2664;61.2664;61.2664;61.2664;0
USDCB;D;220713;000000;61.3045;61.3045;61.3045;61.3045;0
USDCB;D;220714;000000;58.8541;58.8541;58.8541;58.8541;0
USDCB;D;220715;000000;58.5322;58.5322;58.5322;58.5322;0
USDCB;D;220716;000000;58.2568;58.2568;58.2568;58.2568;0
USDCB;D;220717;000000;57.8323;57.8323;57.8323;57.8323;0
USDCB;D;220720;000000;56.5616;56.5616;56.5616;56.5616;0
USDCB;D;220721;000000;55.437;55.437;55.437;55.437;0
USDCB;D;220722;000000;54.8491;54.8491;54.8491;54.8491;0
USDCB;D;220723;000000;56.4783;56.4783;56.4783;56.4783;0
USDCB;D;220724;000000;57.3917;57.3917;57.3917;57.3917;0
USDCB;D;220727;000000;57.7821;57.7821;57.7821;57.7821;0
USDCB;D;220728;000000;58.6605;58.6605;58.6605;58.6605;0
USDCB;D;220729;000000;60.2198;60.2198;60.2198;60.2198;0
USDCB;D;220730;000000;60.2031;60.2031;60.2031;60.2031;0
USDCB;D;220731;000000;61.3101;61.3101;61.3101;61.3101;0
USDCB;D;220803;000000;62.0506;62.0506;62.0506;62.0506;0
USDCB;D;220804;000000;60.1595;60.1595;60.1595;60.1595;0
USDCB;D;220805;000000;60.2374;60.2374;60.2374;60.2374;0
USDCB;D;220806;000000;60.258;60.258;60.258;60.258;0
USDCB;D;220807;000000;60.3696;60.3696;60.3696;60.3696;0
USDCB;D;220810;000000;60.3164;60.3164;60.3164;60.3164;0
USDCB;D;220811;000000;60.3814;60.3814;60.3814;60.3814;0
USDCB;D;220812;000000;60.4542;60.4542;60.4542;60.4542;0
USDCB;D;220813;000000;60.6229;60.6229;60.6229;60.6229;0
USDCB;D;220814;000000;60.8993;60.8993;60.8993;60.8993;0
USDCB;D;220817;000000;61.3747;61.3747;61.3747;61.3747;0
USDCB;D;220818;000000;61.4247;61.4247;61.4247;61.4247;0
USDCB;D;220819;000000;60.7552;60.7552;60.7552;60.7552;0
USDCB;D;220820;000000;59.957;59.957;59.957;59.957;0
USDCB;D;220821;000000;59.1321;59.1321;59.1321;59.1321;0
USDCB;D;220824;000000;59.7419;59.7419;59.7419;59.7419;0
USDCB;D;220825;000000;59.8963;59.8963;59.8963;59.8963;0
USDCB;D;220826;000000;59.9974;59.9974;59.9974;59.9974;0
USDCB;D;220827;000000;59.7699;59.7699;59.7699;59.7699;0
USDCB;D;220828;000000;60.0924;60.0924;60.0924;60.0924;0
USDCB;D;220831;000000;60.3636;60.3636;60.3636;60.3636;0
USDCB;D;220901;000000;60.3677;60.3677;60.3677;60.3677;0
USDCB;D;220902;000000;60.2386;60.2386;60.2386;60.2386;0
USDCB;D;220903;000000;60.237;60.237;60.237;60.237;0
USDCB;D;220904;000000;60.3713;60.3713;60.3713;60.3713;0
USDCB;D;220907;000000;60.9033;60.9033;60.9033;60.9033;0
USDCB;D;220908;000000;60.8544;60.8544;60.8544;60.8544;0
USDCB;D;220909;000000;61.1814;61.1814;61.1814;61.1814;0
USDCB;D;220910;000000;60.801;60.801;60.801;60.801;0
USDCB;D;220911;000000;60.4696;60.4696;60.4696;60.4696;0
USDCB;D;220914;000000;60.4568;60.4568;60.4568;60.4568;0
USDCB;D;220915;000000;60.0676;60.0676;60.0676;60.0676;0
USDCB;D;220916;000000;59.7751;59.7751;59.7751;59.7751;0
USDCB;D;220917;000000;59.6663;59.6663;59.6663;59.6663;0
USDCB;D;220918;000000;60.0316;60.0316;60.0316;60.0316;0
USDCB;D;220921;000000;60.1662;60.1662;60.1662;60.1662;0
USDCB;D;220922;000000;60.0158;60.0158;60.0158;60.0158;0
USDCB;D;220923;000000;60.8685;60.8685;60.8685;60.8685;0
USDCB;D;220924;000000;59.8318;59.8318;59.8318;59.8318;0
USDCB;D;220925;000000;58.1006;58.1006;58.1006;58.1006;0
USDCB;D;220928;000000;57.999;57.999;57.999;57.999;0
USDCB;D;220929;000000;58.1756;58.1756;58.1756;58.1756;0
USDCB;D;220930;000000;58.4485;58.4485;58.4485;58.4485;0
USDCB;D;221001;000000;57.413;57.413;57.413;57.413;0
USDCB;D;221002;000000;55.2987;55.2987;55.2987;55.2987;0
USDCB;D;221005;000000;57.5664;57.5664;57.5664;57.5664;0
USDCB;D;221006;000000;58.7913;58.7913;58.7913;58.7913;0
USDCB;D;221007;000000;59.4043;59.4043;59.4043;59.4043;0
USDCB;D;221008;000000;60.2534;60.2534;60.2534;60.2534;0
USDCB;D;221009;000000;61.2475;61.2475;61.2475;61.2475;0
USDCB;D;221012;000000;62.3126;62.3126;62.3126;62.3126;0
USDCB;D;221013;000000;63.684;63.684;63.684;63.684;0
USDCB;D;221014;000000;63.7559;63.7559;63.7559;63.7559;0
USDCB;D;221015;000000;63.4917;63.4917;63.4917;63.4917;0
USDCB;D;221016;000000;63.0558;63.0558;63.0558;63.0558;0
USDCB;D;221019;000000;61.7634;61.7634;61.7634;61.7634;0
USDCB;D;221020;000000;61.7032;61.7032;61.7032;61.7032;0
USDCB;D;221021;000000;61.5905;61.5905;61.5905;61.5905;0
USDCB;D;221022;000000;61.5018;61.5018;61.5018;61.5018;0
USDCB;D;221023;000000;61.1958;61.1958;61.1958;61.1958;0
USDCB;D;221026;000000;61.1629;61.1629;61.1629;61.1629;0
USDCB;D;221027;000000;61.3326;61.3326;61.3326;61.3326;0
USDCB;D;221028;000000;61.4277;61.4277;61.4277;61.4277;0
USDCB;D;221029;000000;61.3589;61.3589;61.3589;61.3589;0
USDCB;D;221030;000000;61.5343;61.5343;61.5343;61.5343;0
USDCB;D;221102;000000;61.6229;61.6229;61.6229;61.6229;0
USDCB;D;221103;000000;61.4275;61.4275;61.4275;61.4275;0
USDCB;D;221104;000000;61.6175;61.6175;61.6175;61.6175;0
USDCB;D;221105;000000;62.0955;62.0955;62.0955;62.0955;0
USDCB;D;221109;000000;61.2367;61.2367;61.2367;61.2367;0
USDCB;D;221110;000000;60.9774;60.9774;60.9774;60.9774;0
USDCB;D;221111;000000;61.0611;61.0611;61.0611;61.0611;0
USDCB;D;221112;000000;61.2434;61.2434;61.2434;61.2434;0
USDCB;D;221113;000000;60.2179;60.2179;60.2179;60.2179;0
USDCB;D;221116;000000;60.3982;60.3982;60.3982;60.3982;0
USDCB;D;221117;000000;60.3116;60.3116;60.3116;60.3116;0
USDCB;D;221118;000000;60.3484;60.3484;60.3484;60.3484;0
USDCB;D;221119;000000;60.3894;60.3894;60.3894;60.3894;0
USDCB;D;221120;000000;60.3741;60.3741;60.3741;60.3741;0
USDCB;D;221123;000000;60.7379;60.7379;60.7379;60.7379;0
USDCB;D;221124;000000;60.6566;60.6566;60.6566;60.6566;0
USDCB;D;221125;000000;60.5043;60.5043;60.5043;60.5043;0
USDCB;D;221126;000000;60.3866;60.3866;60.3866;60.3866;0
USDCB;D;221127;000000;60.4797;60.4797;60.4797;60.4797;0
USDCB;D;221130;000000;60.752;60.752;60.752;60.752;0
USDCB;D;221201;000000;61.0742;61.0742;61.0742;61.0742;0
USDCB;D;221202;000000;60.8803;60.8803;60.8803;60.8803;0
USDCB;D;221203;000000;61.1479;61.1479;61.1479;61.1479;0
USDCB;D;221204;000000;61.7749;61.7749;61.7749;61.7749;0
USDCB;D;221207;000000;62.1849;62.1849;62.1849;62.1849;0
USDCB;D;221208;000000;62.9103;62.9103;62.9103;62.9103;0
USDCB;D;221209;000000;62.9372;62.9372;62.9372;62.9372;0
USDCB;D;221210;000000;62.5722;62.5722;62.5722;62.5722;0
USDCB;D;221211;000000;62.3813;62.3813;62.3813;62.3813;0
USDCB;D;221214;000000;62.7674;62.7674;62.7674;62.7674;0
USDCB;D;221215;000000;63.212;63.212;63.212;63.212;0
USDCB;D;221216;000000;63.359;63.359;63.359;63.359;0
USDCB;D;221217;000000;64.3015;64.3015;64.3015;64.3015;0
USDCB;D;221218;000000;64.6078;64.6078;64.6078;64.6078;0
USDCB;D;221221;000000;66.3474;66.3474;66.3474;66.3474;0
USDCB;D;221222;000000;69.0037;69.0037;69.0037;69.0037;0
USDCB;D;221223;000000;70.5256;70.5256;70.5256;70.5256;0
USDCB;D;221224;000000;72.1306;72.1306;72.1306;72.1306;0
USDCB;D;221225;000000;68.676;68.676;68.676;68.676;0
USDCB;D;221228;000000;68.4487;68.4487;68.4487;68.4487;0
USDCB;D;221229;000000;69.9346;69.9346;69.9346;69.9346;0
USDCB;D;221230;000000;71.3261;71.3261;71.3261;71.3261;0
USDCB;D;221231;000000;71.9778;71.9778;71.9778;71.9778;0
USDCB;D;230101;000000;70.3375;70.3375;70.3375;70.3375;0
USDCB;D;230111;000000;70.3002;70.3002;70.3002;70.3002;0
USDCB;D;230112;000000;69.6094;69.6094;69.6094;69.6094;0
USDCB;D;230113;000000;69.0202;69.0202;69.0202;69.0202;0
USDCB;D;230114;000000;67.7775;67.7775;67.7775;67.7775;0
USDCB;D;230115;000000;67.5744;67.5744;67.5744;67.5744;0
USDCB;D;230118;000000;68.2892;68.2892;68.2892;68.2892;0
USDCB;D;230119;000000;68.6644;68.6644;68.6644;68.6644;0
USDCB;D;230120;000000;68.8728;68.8728;68.8728;68.8728;0
USDCB;D;230121;000000;68.8467;68.8467;68.8467;68.8467;0
USDCB;D;230122;000000;68.6656;68.6656;68.6656;68.6656;0
USDCB;D;230125;000000;68.6288;68.6288;68.6288;68.6288;0
USDCB;D;230126;000000;68.7529;68.7529;68.7529;68.7529;0
USDCB;D;230127;000000;68.9573;68.9573;68.9573;68.9573;0
USDCB;D;230128;000000;69.1263;69.1263;69.1263;69.1263;0
USDCB;D;230129;000000;69.3372;69.3372;69.3372;69.3372;0
USDCB;D;230201;000000;69.5927;69.5927;69.5927;69.5927;0
USDCB;D;230202;000000;70.5174;70.5174;70.5174;70.5174;0
USDCB;D;230203;000000;70.1217;70.1217;70.1217;70.1217;0
USDCB;D;230204;000000;70.0414;70.0414;70.0414;70.0414;0
USDCB;D;230205;000000;70.3847;70.3847;70.3847;70.3847;0
USDCB;D;230208;000000;70.5991;70.5991;70.5991;70.5991;0
USDCB;D;230209;000000;70.8924;70.8924;70.8924;70.8924;0
USDCB;D;230210;000000;71.5763;71.5763;71.5763;71.5763;0
USDCB;D;230211;000000;72.8949;72.8949;72.8949;72.8949;0
USDCB;D;230212;000000;72.7923;72.7923;72.7923;72.7923;0
USDCB;D;230215;000000;73.6307;73.6307;73.6307;73.6307;0
USDCB;D;230216;000000;73.8645;73.8645;73.8645;73.8645;0
USDCB;D;230217;000000;74.2077;74.2077;74.2077;74.2077;0
USDCB;D;230218;000000;74.7638;74.7638;74.7638;74.7638;0
USDCB;D;230219;000000;74.7588;74.7588;74.7588;74.7588;0
USDCB;D;230222;000000;74.0432;74.0432;74.0432;74.0432;0
USDCB;D;230223;000000;74.8596;74.8596;74.8596;74.8596;0
USDCB;D;230224;000000;74.7087;74.7087;74.7087;74.7087;0
USDCB;D;230301;000000;75.4323;75.4323;75.4323;75.4323;0
USDCB;D;230302;000000;74.8932;74.8932;74.8932;74.8932;0
USDCB;D;230303;000000;75.2513;75.2513;75.2513;75.2513;0
USDCB;D;230304;000000;75.4729;75.4729;75.4729;75.4729;0
USDCB;D;230305;000000;75.4592;75.4592;75.4592;75.4592;0
USDCB;D;230308;000000;75.4728;75.4728;75.4728;75.4728;0
USDCB;D;230309;000000;75.4577;75.4577;75.4577;75.4577;0
USDCB;D;230311;000000;75.9028;75.9028;75.9028;75.9028;0
USDCB;D;230312;000000;75.9406;75.9406;75.9406;75.9406;0
USDCB;D;230315;000000;75.4609;75.4609;75.4609;75.4609;0
USDCB;D;230316;000000;75.1927;75.1927;75.1927;75.1927;0
USDCB;D;230317;000000;75.7457;75.7457;75.7457;75.7457;0
USDCB;D;230318;000000;76.4095;76.4095;76.4095;76.4095;0
USDCB;D;230319;000000;76.6044;76.6044;76.6044;76.6044;0
USDCB;D;230322;000000;77.2422;77.2422;77.2422;77.2422;0
USDCB;D;230323;000000;76.8373;76.8373;76.8373;76.8373;0
USDCB;D;230324;000000;76.9561;76.9561;76.9561;76.9561;0
USDCB;D;230325;000000;76.3072;76.3072;76.3072;76.3072;0
USDCB;D;230326;000000;76.4479;76.4479;76.4479;76.4479;0
USDCB;D;230329;000000;76.5662;76.5662;76.5662;76.5662;0
USDCB;D;230330;000000;76.5939;76.5939;76.5939;76.5939;0
USDCB;D;230331;000000;76.9781;76.9781;76.9781;76.9781;0
USDCB;D;230401;000000;77.0863;77.0863;77.0863;77.0863;0
USDCB;D;230402;000000;77.3233;77.3233;77.3233;77.3233;0
USDCB;D;230405;000000;77.951;77.951;77.951;77.951;0
USDCB;D;230406;000000;79.3563;79.3563;79.3563;79.3563;0
USDCB;D;230407;000000;79.4961;79.4961;79.4961;79.4961;0
USDCB;D;230408;000000;80.6713;80.6713;80.6713;80.6713;0
USDCB;D;230409;000000;82.3988;82.3988;82.3988;82.3988;0
USDCB;D;230412;000000;81.7441;81.7441;81.7441;81.7441;0
USDCB;D;230413;000000;82.1799;82.1799;82.1799;82.1799;0
USDCB;D;230414;000000;82.0934;82.0934;82.0934;82.0934;0
USDCB;D;230415;000000;81.6758;81.6758;81.6758;81.6758;0
USDCB;D;230416;000000;81.5045;81.5045;81.5045;81.5045;0
USDCB;D;230419;000000;81.6279;81.6279;81.6279;81.6279;0
USDCB;D;230420;000000;81.6028;81.6028;81.6028;81.6028;0
USDCB;D;230421;000000;81.6549;81.6549;81.6549;81.6549;0
USDCB;D;230422;000000;81.6188;81.6188;81.6188;81.6188;0
USDCB;D;230423;000000;81.4863;81.4863;81.4863;81.4863;0
USDCB;D;230426;000000;81.2745;81.2745;81.2745;81.2745;0
USDCB;D;230427;000000;81.5499;81.5499;81.5499;81.5499;0
USDCB;D;230428;000000;81.6274;81.6274;81.6274;81.6274;0
USDCB;D;230429;000000;81.5601;81.5601;81.5601;81.5601;0
USDCB;D;230430;000000;80.5093;80.5093;80.5093;80.5093;0
USDCB;D;230504;000000;79.9609;79.9609;79.9609;79.9609;0
USDCB;D;230505;000000;79.3071;79.3071;79.3071;79.3071;0
USDCB;D;230506;000000;78.6139;78.6139;78.6139;78.6139;0
USDCB;D;230507;000000;76.8207;76.8207;76.8207;76.8207;0
USDCB;D;230512;000000;76.6929;76.6929;76.6929;76.6929;0
USDCB;D;230513;000000;75.8846;75.8846;75.8846;75.8846;0
USDCB;D;230514;000000;77.2041;77.2041;77.2041;77.2041;0
USDCB;D;230517;000000;79.1004;79.1004;79.1004;79.1004;0
USDCB;D;230518;000000;79.9798;79.9798;79.9798;79.9798;0
USDCB;D;230519;000000;80.7642;80.7642;80.7642;80.7642;0
USDCB;D;230520;000000;80.0366;80.0366;80.0366;80.0366;0
USDCB;D;230521;000000;79.9093;79.9093;79.9093;79.9093;0
USDCB;D;230524;000000;79.9379;79.9379;79.9379;79.9379;0
USDCB;D;230525;000000;80.1665;80.1665;80.1665;80.1665;0
USDCB;D;230526;000000;79.9669;79.9669;79.9669;79.9669;0
USDCB;D;230527;000000;79.9841;79.9841;79.9841;79.9841;0
USDCB;D;230528;000000;79.9667;79.9667;79.9667;79.9667;0
USDCB;D;230531;000000;80.0555;80.0555;80.0555;80.0555;0
USDCB;D;230601;000000;80.6872;80.6872;80.6872;80.6872;0
USDCB;D;230602;000000;80.9942;80.9942;80.9942;80.9942;0
USDCB;D;230603;000000;80.9657;80.9657;80.9657;80.9657;0
USDCB;D;230604;000000;80.8756;80.8756;80.8756;80.8756;0
USDCB;D;230607;000000;81.3294;81.3294;81.3294;81.3294;0
USDCB;D;230608;000000;81.2502;81.2502;81.2502;81.2502;0
USDCB;D;230609;000000;81.4581;81.4581;81.4581;81.4581;0
USDCB;D;230610;000000;82.093;82.093;82.093;82.093;0
USDCB;D;230611;000000;82.6417;82.6417;82.6417;82.6417;0
USDCB;D;230615;000000;83.6405;83.6405;83.6405;83.6405;0
USDCB;D;230616;000000;84.3249;84.3249;84.3249;84.3249;0
USDCB;D;230617;000000;83.9611;83.9611;83.9611;83.9611;0
USDCB;D;230618;000000;83.6498;83.6498;83.6498;83.6498;0
USDCB;D;230621;000000;83.9866;83.9866;83.9866;83.9866;0
USDCB;D;230622;000000;84.2336;84.2336;84.2336;84.2336;0
USDCB;D;230623;000000;84.2467;84.2467;84.2467;84.2467;0
USDCB;D;230624;000000;83.6077;83.6077;83.6077;83.6077;0
USDCB;D;230625;000000;84.0793;84.0793;84.0793;84.0793;0
USDCB;D;230628;000000;84.6642;84.6642;84.6642;84.6642;0
USDCB;D;230629;000000;85.0504;85.0504;85.0504;85.0504;0
USDCB;D;230630;000000;85.6192;85.6192;85.6192;85.6192;0
USDCB;D;230701;000000;87.0341;87.0341;87.0341;87.0341;0
USDCB;D;230702;000000;88.3844;88.3844;88.3844;88.3844;0
USDCB;D;230705;000000;89.3255;89.3255;89.3255;89.3255;0
USDCB;D;230706;000000;89.545;89.545;89.545;89.545;0
USDCB;D;230707;000000;90.338;90.338;90.338;90.338;0
USDCB;D;230708;000000;92.5695;92.5695;92.5695;92.5695;0
USDCB;D;230709;000000;91.6879;91.6879;91.6879;91.6879;0
USDCB;D;230712;000000;91.4931;91.4931;91.4931;91.4931;0
USDCB;D;230713;000000;90.5045;90.5045;90.5045;90.5045;0
USDCB;D;230714;000000;90.6253;90.6253;90.6253;90.6253;0
USDCB;D;230715;000000;90.1757;90.1757;90.1757;90.1757;0
USDCB;D;230716;000000;90.119;90.119;90.119;90.119;0
USDCB;D;230719;000000;90.4217;90.4217;90.4217;90.4217;0
USDCB;D;230720;000000;90.6906;90.6906;90.6906;90.6906;0
USDCB;D;230721;000000;91.2046;91.2046;91.2046;91.2046;0
USDCB;D;230722;000000;90.8545;90.8545;90.8545;90.8545;0
USDCB;D;230723;000000;90.3846;90.3846;90.3846;90.3846;0
USDCB;D;230726;000000;90.489;90.489;90.489;90.489;0
USDCB;D;230727;000000;90.0945;90.0945;90.0945;90.0945;0
USDCB;D;230728;000000;90.0468;90.0468;90.0468;90.0468;0
USDCB;D;230729;000000;90.0225;90.0225;90.0225;90.0225;0
USDCB;D;230730;000000;90.9783;90.9783;90.9783;90.9783;0
USDCB;D;230802;000000;91.5923;91.5923;91.5923;91.5923;0
USDCB;D;230803;000000;91.7755;91.7755;91.7755;91.7755;0
USDCB;D;230804;000000;92.841;92.841;92.841;92.841;0
USDCB;D;230805;000000;93.7792;93.7792;93.7792;93.7792;0
USDCB;D;230806;000000;94.8076;94.8076;94.8076;94.8076;0
USDCB;D;230809;000000;96.5668;96.5668;96.5668;96.5668;0
USDCB;D;230810;000000;96.0755;96.0755;96.0755;96.0755;0
USDCB;D;230811;000000;97.3999;97.3999;97.3999;97.3999;0
USDCB;D;230812;000000;97.2794;97.2794;97.2794;97.2794;0
USDCB;D;230813;000000;98.2066;98.2066;98.2066;98.2066;0
USDCB;D;230816;000000;101.0399;101.0399;101.0399;101.0399;0
USDCB;D;230817;000000;97.4217;97.4217;97.4217;97.4217;0
USDCB;D;230818;000000;96.7045;96.7045;96.7045;96.7045;0
USDCB;D;230819;000000;93.746;93.746;93.746;93.746;0
USDCB;D;230820;000000;93.4047;93.4047;93.4047;93.4047;0
USDCB;D;230823;000000;94.1424;94.1424;94.1424;94.1424;0
USDCB;D;230824;000000;94.1185;94.1185;94.1185;94.1185;0
USDCB;D;230825;000000;94.4421;94.4421;94.4421;94.4421;0
USDCB;D;230826;000000;94.4007;94.4007;94.4007;94.4007;0
USDCB;D;230827;000000;94.7117;94.7117;94.7117;94.7117;0
USDCB;D;230830;000000;95.4717;95.4717;95.4717;95.4717;0
USDCB;D;230831;000000;95.707;95.707;95.707;95.707;0
USDCB;D;230901;000000;95.9283;95.9283;95.9283;95.9283;0
USDCB;D;230902;000000;96.3344;96.3344;96.3344;96.3344;0
USDCB;D;230903;000000;96.3411;96.3411;96.3411;96.3411;0
USDCB;D;230906;000000;96.6199;96.6199;96.6199;96.6199;0
USDCB;D;230907;000000;97.5383;97.5383;97.5383;97.5383;0
USDCB;D;230908;000000;97.8439;97.8439;97.8439;97.8439;0
USDCB;D;230909;000000;98.1961;98.1961;98.1961;98.1961;0
USDCB;D;230910;000000;97.9241;97.9241;97.9241;97.9241;0
USDCB;D;230913;000000;96.5083;96.5083;96.5083;96.5083;0
USDCB;D;230914;000000;94.7035;94.7035;94.7035;94.7035;0
USDCB;D;230915;000000;95.9794;95.9794;95.9794;95.9794;0
USDCB;D;230916;000000;96.1609;96.1609;96.1609;96.1609;0
USDCB;D;230917;000000;96.6338;96.6338;96.6338;96.6338;0
USDCB;D;230920;000000;96.6472;96.6472;96.6472;96.6472;0
USDCB;D;230921;000000;96.2236;96.2236;96.2236;96.2236;0
USDCB;D;230922;000000;96.6172;96.6172;96.6172;96.6172;0
USDCB;D;230923;000000;96.0762;96.0762;96.0762;96.0762;0
USDCB;D;230924;000000;96.0419;96.0419;96.0419;96.0419;0
USDCB;D;230927;000000;96.1456;96.1456;96.1456;96.1456;0
USDCB;D;230928;000000;96.2378;96.2378;96.2378;96.2378;0
USDCB;D;230929;000000;96.5;96.5;96.5;96.5;0
USDCB;D;230930;000000;97.0018;97.0018;97.0018;97.0018;0
USDCB;D;231001;000000;97.4147;97.4147;97.4147;97.4147;0
USDCB;D;231004;000000;98.4785;98.4785;98.4785;98.4785;0
USDCB;D;231005;000000;99.2677;99.2677;99.2677;99.2677;0
USDCB;D;231006;000000;99.4555;99.4555;99.4555;99.4555;0
USDCB;D;231007;000000;99.6762;99.6762;99.6762;99.6762;0
USDCB;D;231008;000000;100.4911;100.4911;100.4911;100.4911;0
USDCB;D;231011;000000;101.3598;101.3598;101.3598;101.3598;0
USDCB;D;231012;000000;99.9349;99.9349;99.9349;99.9349;0
USDCB;D;231013;000000;99.9808;99.9808;99.9808;99.9808;0
USDCB;D;231014;000000;96.9948;96.9948;96.9948;96.9948;0
USDCB;D;231015;000000;97.3075;97.3075;97.3075;97.3075;0
USDCB;D;231018;000000;97.2865;97.2865;97.2865;97.2865;0
USDCB;D;231019;000000;97.3458;97.3458;97.3458;97.3458;0
USDCB;D;231020;000000;97.3724;97.3724;97.3724;97.3724;0
USDCB;D;231021;000000;97.3074;97.3074;97.3074;97.3074;0
USDCB;D;231022;000000;95.9053;95.9053;95.9053;95.9053;0
USDCB;D;231025;000000;94.7081;94.7081;94.7081;94.7081;0
USDCB;D;231026;000000;93.5224;93.5224;93.5224;93.5224;0
USDCB;D;231027;000000;93.1507;93.1507;93.1507;93.1507;0
USDCB;D;231028;000000;93.5616;93.5616;93.5616;93.5616;0
USDCB;D;231029;000000;93.2174;93.2174;93.2174;93.2174;0
USDCB;D;231101;000000;93.2435;93.2435;93.2435;93.2435;0
USDCB;D;231102;000000;92.0226;92.0226;92.0226;92.0226;0
USDCB;D;231103;000000;93.2801;93.2801;93.2801;93.2801;0
USDCB;D;231104;000000;93.173;93.173;93.173;93.173;0
USDCB;D;231105;000000;93.0351;93.0351;93.0351;93.0351;0
USDCB;D;231109;000000;92.4151;92.4151;92.4151;92.4151;0
USDCB;D;231110;000000;92.1973;92.1973;92.1973;92.1973;0
USDCB;D;231111;000000;91.9266;91.9266;91.9266;91.9266;0
USDCB;D;231112;000000;92.0535;92.0535;92.0535;92.0535;0
USDCB;D;231115;000000;92.1185;92.1185;92.1185;92.1185;0
USDCB;D;231116;000000;91.257;91.257;91.257;91.257;0
USDCB;D;231117;000000;89.4565;89.4565;89.4565;89.4565;0
USDCB;D;231118;000000;88.9466;88.9466;88.9466;88.9466;0
USDCB;D;231119;000000;89.1237;89.1237;89.1237;89.1237;0
USDCB;D;231122;000000;88.4954;88.4954;88.4954;88.4954;0
USDCB;D;231123;000000;87.8701;87.8701;87.8701;87.8701;0
USDCB;D;231124;000000;88.1648;88.1648;88.1648;88.1648;0
USDCB;D;231125;000000;88.1206;88.1206;88.1206;88.1206;0
USDCB;D;231126;000000;88.8133;88.8133;88.8133;88.8133;0
USDCB;D;231129;000000;88.7045;88.7045;88.7045;88.7045;0
USDCB;D;231130;000000;88.6102;88.6102;88.6102;88.6102;0
USDCB;D;231201;000000;88.8841;88.8841;88.8841;88.8841;0
USDCB;D;231202;000000;88.5819;88.5819;88.5819;88.5819;0
USDCB;D;231203;000000;89.7619;89.7619;89.7619;89.7619;0
USDCB;D;231206;000000;90.6728;90.6728;90.6728;90.6728;0
USDCB;D;231207;000000;91.5823;91.5823;91.5823;91.5823;0
USDCB;D;231208;000000;92.7826;92.7826;92.7826;92.7826;0
USDCB;D;231209;000000;92.5654;92.5654;92.5654;92.5654;0
USDCB;D;231210;000000;91.6402;91.6402;91.6402;91.6402;0
USDCB;D;231213;000000;90.9846;90.9846;90.9846;90.9846;0
USDCB;D;231214;000000;90.2158;90.2158;90.2158;90.2158;0
USDCB;D;231215;000000;89.8926;89.8926;89.8926;89.8926;0
USDCB;D;231216;000000;89.6741;89.6741;89.6741;89.6741;0
USDCB;D;231217;000000;89.6966;89.6966;89.6966;89.6966;0
USDCB;D;231220;000000;90.4162;90.4162;90.4162;90.4162;0
USDCB;D;231221;000000;90.087;90.087;90.087;90.087;0
USDCB;D;231222;000000;90.4056;90.4056;90.4056;90.4056;0
USDCB;D;231223;000000;91.7062;91.7062;91.7062;91.7062;0
USDCB;D;231224;000000;91.9389;91.9389;91.9389;91.9389;0
USDCB;D;231227;000000;91.969;91.969;91.969;91.969;0
USDCB;D;231228;000000;91.7069;91.7069;91.7069;91.7069;0
USDCB;D;231229;000000;91.7051;91.7051;91.7051;91.7051;0
USDCB;D;231230;000000;90.3041;90.3041;90.3041;90.3041;0
USDCB;D;231231;000000;89.6883;89.6883;89.6883;89.6883;0
USDCB;D;240111;000000;90.404;90.404;90.404;90.404;0
USDCB;D;240112;000000;89.3939;89.3939;89.3939;89.3939;0
USDCB;D;240113;000000;88.7818;88.7818;88.7818;88.7818;0
USDCB;D;240114;000000;88.1324;88.1324;88.1324;88.1324;0
USDCB;D;240117;000000;87.6772;87.6772;87.6772;87.6772;0
USDCB;D;240118;000000;87.6457;87.6457;87.6457;87.6457;0
USDCB;D;240119;000000;88.354;88.354;88.354;88.354;0
USDCB;D;240120;000000;88.661;88.661;88.661;88.661;0
USDCB;D;240121;000000;88.5896;88.5896;88.5896;88.5896;0
USDCB;D;240124;000000;87.9724;87.9724;87.9724;87.9724;0
USDCB;D;240125;000000;87.9199;87.9199;87.9199;87.9199;0
USDCB;D;240126;000000;88.2829;88.2829;88.2829;88.2829;0
USDCB;D;240127;000000;88.6562;88.6562;88.6562;88.6562;0
USDCB;D;240128;000000;89.5159;89.5159;89.5159;89.5159;0
USDCB;D;240131;000000;89.609;89.609;89.609;89.609;0
USDCB;D;240201;000000;89.2887;89.2887;89.2887;89.2887;0
USDCB;D;240202;000000;89.6678;89.6678;89.6678;89.6678;0
USDCB;D;240203;000000;90.2299;90.2299;90.2299;90.2299;0
USDCB;D;240204;000000;90.6626;90.6626;90.6626;90.6626;0
USDCB;D;240207;000000;91.2434;91.2434;91.2434;91.2434;0
USDCB;D;240208;000000;90.6842;90.6842;90.6842;90.6842;0
USDCB;D;240209;000000;91.1514;91.1514;91.1514;91.1514;0
USDCB;D;240210;000000;91.2561;91.2561;91.2561;91.2561;0
USDCB;D;240211;000000;90.8901;90.8901;90.8901;90.8901;0
USDCB;D;240214;000000;91.0758;91.0758;91.0758;91.0758;0
USDCB;D;240215;000000;91.2057;91.2057;91.2057;91.2057;0
USDCB;D;240216;000000;91.4316;91.4316;91.4316;91.4316;0
USDCB;D;240217;000000;91.8237;91.8237;91.8237;91.8237;0
USDCB;D;240218;000000;92.5492;92.5492;92.5492;92.5492;0
USDCB;D;240221;000000;92.4102;92.4102;92.4102;92.4102;0
USDCB;D;240222;000000;92.349;92.349;92.349;92.349;0
USDCB;D;240223;000000;92.4387;92.4387;92.4387;92.4387;0
USDCB;D;240224;000000;92.7519;92.7519;92.7519;92.7519;0
USDCB;D;240228;000000;92.6321;92.6321;92.6321;92.6321;0
USDCB;D;240229;000000;92.0425;92.0425;92.0425;92.0425;0
USDCB;D;240301;000000;91.8692;91.8692;91.8692;91.8692;0
USDCB;D;240302;000000;90.8423;90.8423;90.8423;90.8423;0
USDCB;D;240303;000000;91.3336;91.3336;91.3336;91.3336;0
USDCB;D;240306;000000;91.3534;91.3534;91.3534;91.3534;0
USDCB;D;240307;000000;91.1604;91.1604;91.1604;91.1604;0
USDCB;D;240308;000000;90.3412;90.3412;90.3412;90.3412;0
USDCB;D;240309;000000;90.7493;90.7493;90.7493;90.7493;0
USDCB;D;240313;000000;90.6252;90.6252;90.6252;90.6252;0
USDCB;D;240314;000000;90.8818;90.8818;90.8818;90.8818;0
USDCB;D;240315;000000;91.5449;91.5449;91.5449;91.5449;0
USDCB;D;240316;000000;91.6359;91.6359;91.6359;91.6359;0
USDCB;D;240317;000000;91.87;91.87;91.87;91.87;0
USDCB;D;240320;000000;91.9829;91.9829;91.9829;91.9829;0
USDCB;D;240321;000000;92.2243;92.2243;92.2243;92.2243;0
USDCB;D;240322;000000;92.6861;92.6861;92.6861;92.6861;0
USDCB;D;240323;000000;91.9499;91.9499;91.9499;91.9499;0
USDCB;D;240324;000000;92.6118;92.6118;92.6118;92.6118;0
USDCB;D;240327;000000;92.7761;92.7761;92.7761;92.7761;0
USDCB;D;240328;000000;92.5745;92.5745;92.5745;92.5745;0
USDCB;D;240329;000000;92.5919;92.5919;92.5919;92.5919;0
USDCB;D;240330;000000;92.2628;92.2628;92.2628;92.2628;0
USDCB;D;240331;000000;92.366;92.366;92.366;92.366;0
USDCB;D;240403;000000;92.2914;92.2914;92.2914;92.2914;0
USDCB;D;240404;000000;92.5254;92.5254;92.5254;92.5254;0
USDCB;D;240405;000000;92.3892;92.3892;92.3892;92.3892;0
USDCB;D;240406;000000;92.3058;92.3058;92.3058;92.3058;0
USDCB;D;240407;000000;92.4155;92.4155;92.4155;92.4155;0
USDCB;D;240410;000000;92.581;92.581;92.581;92.581;0
USDCB;D;240411;000000;92.7463;92.7463;92.7463;92.7463;0
USDCB;D;240412;000000;93.2198;93.2198;93.2198;93.2198;0
USDCB;D;240413;000000;93.7196;93.7196;93.7196;93.7196;0
USDCB;D;240414;000000;93.4419;93.4419;93.4419;93.4419;0
USDCB;D;240417;000000;93.5891;93.5891;93.5891;93.5891;0
USDCB;D;240418;000000;94.0742;94.0742;94.0742;94.0742;0
USDCB;D;240419;000000;94.3242;94.3242;94.3242;94.3242;0
USDCB;D;240420;000000;94.0922;94.0922;94.0922;94.0922;0
USDCB;D;240421;000000;93.4409;93.4409;93.4409;93.4409;0
USDCB;D;240424;000000;93.2519;93.2519;93.2519;93.2519;0
USDCB;D;240425;000000;93.2918;93.2918;93.2918;93.2918;0
USDCB;D;240426;000000;92.5058;92.5058;92.5058;92.5058;0
USDCB;D;240427;000000;92.1314;92.1314;92.1314;92.1314;0
USDCB;D;240428;000000;92.0134;92.0134;92.0134;92.0134;0
USDCB;D;240429;000000;91.7791;91.7791;91.7791;91.7791;0
USDCB;D;240504;000000;92.0538;92.0538;92.0538;92.0538;0
USDCB;D;240505;000000;91.6918;91.6918;91.6918;91.6918;0
USDCB;D;240508;000000;91.3124;91.3124;91.3124;91.3124;0
USDCB;D;240509;000000;91.1231;91.1231;91.1231;91.1231;0
USDCB;D;240510;000000;91.8239;91.8239;91.8239;91.8239;0
USDCB;D;240515;000000;91.633;91.633;91.633;91.633;0
USDCB;D;240516;000000;91.3591;91.3591;91.3591;91.3591;0
USDCB;D;240517;000000;91.2573;91.2573;91.2573;91.2573;0
USDCB;D;240518;000000;90.9239;90.9239;90.9239;90.9239;0
USDCB;D;240519;000000;90.9873;90.9873;90.9873;90.9873;0
USDCB;D;240522;000000;90.6537;90.6537;90.6537;90.6537;0
USDCB;D;240523;000000;90.4082;90.4082;90.4082;90.4082;0
USDCB;D;240524;000000;90.1887;90.1887;90.1887;90.1887;0
USDCB;D;240525;000000;90.2486;90.2486;90.2486;90.2486;0
USDCB;D;240526;000000;89.7026;89.7026;89.7026;89.7026;0
USDCB;D;240529;000000;88.6852;88.6852;88.6852;88.6852;0
USDCB;D;240530;000000;88.4375;88.4375;88.4375;88.4375;0
USDCB;D;240531;000000;89.2589;89.2589;89.2589;89.2589;0
USDCB;D;240601;000000;89.7869;89.7869;89.7869;89.7869;0
USDCB;D;240602;000000;90.1915;90.1915;90.1915;90.1915;0
USDCB;D;240605;000000;89.3755;89.3755;89.3755;89.3755;0
USDCB;D;240606;000000;88.7574;88.7574;88.7574;88.7574;0
USDCB;D;240607;000000;88.7436;88.7436;88.7436;88.7436;0
USDCB;D;240608;000000;88.7604;88.7604;88.7604;88.7604;0
USDCB;D;240609;000000;88.7606;88.7606;88.7606;88.7606;0
USDCB;D;240612;000000;88.9944;88.9944;88.9944;88.9944;0
USDCB;D;240613;000000;89.0214;89.0214;89.0214;89.0214;0
USDCB;D;240615;000000;88.208;88.208;88.208;88.208;0
USDCB;D;240616;000000;89.0658;89.0658;89.0658;89.0658;0
USDCB;D;240619;000000;89.0499;89.0499;89.0499;89.0499;0
USDCB;D;240620;000000;87.0354;87.0354;87.0354;87.0354;0
USDCB;D;240621;000000;82.6282;82.6282;82.6282;82.6282;0
USDCB;D;240622;000000;85.4176;85.4176;85.4176;85.4176;0
USDCB;D;240623;000000;87.9595;87.9595;87.9595;87.9595;0
USDCB;D;240626;000000;87.373;87.373;87.373;87.373;0
USDCB;D;240627;000000;87.277;87.277;87.277;87.277;0
USDCB;D;240628;000000;87.8064;87.8064;87.8064;87.8064;0
USDCB;D;240629;000000;84.964;84.964;84.964;84.964;0
USDCB;D;240630;000000;85.748;85.748;85.748;85.748;0
USDCB;D;240703;000000;87.2972;87.2972;87.2972;87.2972;0
USDCB;D;240704;000000;87.9921;87.9921;87.9921;87.9921;0
USDCB;D;240705;000000;87.9506;87.9506;87.9506;87.9506;0
USDCB;D;240706;000000;88.1205;88.1205;88.1205;88.1205;0
USDCB;D;240707;000000;88.1348;88.1348;88.1348;88.1348;0
USDCB;D;240710;000000;88.1688;88.1688;88.1688;88.1688;0
USDCB;D;240711;000000;88.0031;88.0031;88.0031;88.0031;0
USDCB;D;240712;000000;87.8551;87.8551;87.8551;87.8551;0
USDCB;D;240713;000000;87.988;87.988;87.988;87.988;0
USDCB;D;240714;000000;87.7427;87.7427;87.7427;87.7427;0
USDCB;D;240717;000000;87.8077;87.8077;87.8077;87.8077;0
USDCB;D;240718;000000;88.2824;88.2824;88.2824;88.2824;0
USDCB;D;240719;000000;88.0872;88.0872;88.0872;88.0872;0
USDCB;D;240720;000000;87.8754;87.8754;87.8754;87.8754;0
USDCB;D;240721;000000;88.0206;88.0206;88.0206;88.0206;0
USDCB;D;240724;000000;87.7805;87.7805;87.7805;87.7805;0
USDCB;D;240725;000000;87.299;87.299;87.299;87.299;0
USDCB;D;240726;000000;86.5502;86.5502;86.5502;86.5502;0
USDCB;D;240727;000000;85.41;85.41;85.41;85.41;0
USDCB;D;240728;000000;85.565;85.565;85.565;85.565;0
USDCB;D;240731;000000;86.5554;86.5554;86.5554;86.5554;0
USDCB;D;240801;000000;86.33;86.33;86.33;86.33;0
USDCB;D;240802;000000;86.1091;86.1091;86.1091;86.1091;0
USDCB;D;240803;000000;85.7833;85.7833;85.7833;85.7833;0
USDCB;D;240804;000000;85.7024;85.7024;85.7024;85.7024;0
USDCB;D;240807;000000;84.9471;84.9471;84.9471;84.9471;0
USDCB;D;240808;000000;85.1646;85.1646;85.1646;85.1646;0
USDCB;D;240809;000000;85.9543;85.9543;85.9543;85.9543;0
USDCB;D;240810;000000;86.5621;86.5621;86.5621;86.5621;0
USDCB;D;240811;000000;87.992;87.992;87.992;87.992;0
USDCB;D;240814;000000;89.9475;89.9475;89.9475;89.9475;0
USDCB;D;240815;000000;92.6592;92.6592;92.6592;92.6592;0
USDCB;D;240816;000000;90.0055;90.0055;90.0055;90.0055;0
USDCB;D;240817;000000;88.796;88.796;88.796;88.796;0
USDCB;D;240818;000000;88.9062;88.9062;88.9062;88.9062;0
USDCB;D;240821;000000;89.5428;89.5428;89.5428;89.5428;0
USDCB;D;240822;000000;90.6944;90.6944;90.6944;90.6944;0
USDCB;D;240823;000000;91.6862;91.6862;91.6862;91.6862;0
USDCB;D;240824;000000;91.2881;91.2881;91.2881;91.2881;0
USDCB;D;240825;000000;91.6012;91.6012;91.6012;91.6012;0
USDCB;D;240828;000000;91.7745;91.7745;91.7745;91.7745;0
USDCB;D;240829;000000;91.4807;91.4807;91.4807;91.4807;0
USDCB;D;240830;000000;91.4449;91.4449;91.4449;91.4449;0
USDCB;D;240831;000000;91.4548;91.4548;91.4548;91.4548;0
USDCB;D;240901;000000;91.1868;91.1868;91.1868;91.1868;0
USDCB;D;240904;000000;90.0013;90.0013;90.0013;90.0013;0
USDCB;D;240905;000000;88.6118;88.6118;88.6118;88.6118;0
USDCB;D;240906;000000;88.9288;88.9288;88.9288;88.9288;0
USDCB;D;240907;000000;89.7044;89.7044;89.7044;89.7044;0
USDCB;D;240908;000000;89.8225;89.8225;89.8225;89.8225;0
USDCB;D;240911;000000;90.3853;90.3853;90.3853;90.3853;0
USDCB;D;240912;000000;91.1127;91.1127;91.1127;91.1127;0
USDCB;D;240913;000000;91.2653;91.2653;91.2653;91.2653;0
USDCB;D;240914;000000;91.1096;91.1096;91.1096;91.1096;0
USDCB;D;240915;000000;90.9345;90.9345;90.9345;90.9345;0
USDCB;D;240918;000000;91.1423;91.1423;91.1423;91.1423;0
USDCB;D;240919;000000;91.4292;91.4292;91.4292;91.4292;0
USDCB;D;240920;000000;91.6712;91.6712;91.6712;91.6712;0
USDCB;D;240921;000000;92.6962;92.6962;92.6962;92.6962;0
USDCB;D;240922;000000;92.5848;92.5848;92.5848;92.5848;0
USDCB;D;240925;000000;92.92;92.92;92.92;92.92;0
USDCB;D;240926;000000;92.8622;92.8622;92.8622;92.8622;0
USDCB;D;240927;000000;92.388;92.388;92.388;92.388;0
USDCB;D;240928;000000;92.4074;92.4074;92.4074;92.4074;0
USDCB;D;240929;000000;92.7126;92.7126;92.7126;92.7126;0
USDCB;D;241002;000000;93.2221;93.2221;93.2221;93.2221;0
USDCB;D;241003;000000;93.3581;93.3581;93.3581;93.3581;0
USDCB;D;241004;000000;94.5054;94.5054;94.5054;94.5054;0
USDCB;D;241005;000000;95.0262;95.0262;95.0262;95.0262;0
USDCB;D;241006;000000;94.87;94.87;94.87;94.87;0
USDCB;D;241009;000000;96.0649;96.0649;96.0649;96.0649;0
USDCB;D;241010;000000;96.1079;96.1079;96.1079;96.1079;0
USDCB;D;241011;000000;96.9483;96.9483;96.9483;96.9483;0
USDCB;D;241012;000000;97.2394;97.2394;97.2394;97.2394;0
USDCB;D;241013;000000;96.0686;96.0686;96.0686;96.0686;0
USDCB;D;241016;000000;96.1021;96.1021;96.1021;96.1021;0
USDCB;D;241017;000000;97.0121;97.0121;97.0121;97.0121;0
USDCB;D;241018;000000;97.2568;97.2568;97.2568;97.2568;0
USDCB;D;241019;000000;97.149;97.149;97.149;97.149;0
USDCB;D;241020;000000;96.4172;96.4172;96.4172;96.4172;0
USDCB;D;241023;000000;96.0924;96.0924;96.0924;96.0924;0
USDCB;D;241024;000000;96.5918;96.5918;96.5918;96.5918;0
USDCB;D;241025;000000;96.6379;96.6379;96.6379;96.6379;0
USDCB;D;241026;000000;96.7402;96.7402;96.7402;96.7402;0
USDCB;D;241027;000000;96.6657;96.6657;96.6657;96.6657;0
USDCB;D;241030;000000;97.23;97.23;97.23;97.23;0
USDCB;D;241031;000000;97.3261;97.3261;97.3261;97.3261;0
USDCB;D;241101;000000;97.053;97.053;97.053;97.053;0
USDCB;D;241102;000000;97.0226;97.0226;97.0226;97.0226;0
USDCB;D;241103;000000;97.4402;97.4402;97.4402;97.4402;0
USDCB;D;241104;000000;97.5499;97.5499;97.5499;97.5499;0
USDCB;D;241107;000000;98.0562;98.0562;98.0562;98.0562;0
USDCB;D;241108;000000;98.2236;98.2236;98.2236;98.2236;0
USDCB;D;241109;000000;98.0726;98.0726;98.0726;98.0726;0
USDCB;D;241110;000000;97.8335;97.8335;97.8335;97.8335;0
USDCB;D;241113;000000;97.955;97.955;97.955;97.955;0
USDCB;D;241114;000000;97.9559;97.9559;97.9559;97.9559;0
USDCB;D;241115;000000;98.3657;98.3657;98.3657;98.3657;0
USDCB;D;241116;000000;99.018;99.018;99.018;99.018;0
USDCB;D;241117;000000;99.9971;99.9971;99.9971;99.9971;0
USDCB;D;241120;000000;99.943;99.943;99.943;99.943;0
USDCB;D;241121;000000;100.0348;100.0348;100.0348;100.0348;0
USDCB;D;241122;000000;100.2192;100.2192;100.2192;100.2192;0
USDCB;D;241123;000000;100.6798;100.6798;100.6798;100.6798;0
USDCB;D;241124;000000;102.5761;102.5761;102.5761;102.5761;0
USDCB;D;241127;000000;103.7908;103.7908;103.7908;103.7908;0
USDCB;D;241128;000000;105.0604;105.0604;105.0604;105.0604;0
USDCB;D;241129;000000;108.0104;108.0104;108.0104;108.0104;0
USDCB;D;241130;000000;109.5782;109.5782;109.5782;109.5782;0
USDCB;D;241201;000000;107.7409;107.7409;107.7409;107.7409;0
USDCB;D;241204;000000;107.1758;107.1758;107.1758;107.1758;0
USDCB;D;241205;000000;106.1878;106.1878;106.1878;106.1878;0
USDCB;D;241206;000000;104.2361;104.2361;104.2361;104.2361;0
USDCB;D;241207;000000;103.3837;103.3837;103.3837;103.3837;0
USDCB;D;241208;000000;99.4215;99.4215;99.4215;99.4215;0
USDCB;D;241211;000000;99.3759;99.3759;99.3759;99.3759;0
USDCB;D;241212;000000;100.0324;100.0324;100.0324;100.0324;0
USDCB;D;241213;000000;103.2707;103.2707;103.2707;103.2707;0
USDCB;D;241214;000000;103.95;103.95;103.95;103.95;0
USDCB;D;241215;000000;103.4305;103.4305;103.4305;103.4305;0
USDCB;D;241218;000000;102.9125;102.9125;102.9125;102.9125;0
USDCB;D;241219;000000;102.9979;102.9979;102.9979;102.9979;0
USDCB;D;241220;000000;102.7763;102.7763;102.7763;102.7763;0
USDCB;D;241221;000000;103.4207;103.4207;103.4207;103.4207;0
USDCB;D;241222;000000;102.3438;102.3438;102.3438;102.3438;0
USDCB;D;241225;000000;101.6143;101.6143;101.6143;101.6143;0
USDCB;D;241226;000000;99.8729;99.8729;99.8729;99.8729;0
USDCB;D;241227;000000;99.6125;99.6125;99.6125;99.6125;0
USDCB;D;241228;000000;99.2295;99.2295;99.2295;99.2295;0
USDCB;D;241229;000000;100.5281;100.5281;100.5281;100.5281;0
USDCB;D;241230;000000;101.6797;101.6797;101.6797;101.6797;0
USDCB;D;250111;000000;102.2911;102.2911;102.2911;102.2911;0
USDCB;D;250112;000000;101.9146;101.9146;101.9146;101.9146;0
